lutirgez,"['bqk', 'kv']"
lqenubtf,"['xlw', 'vy']"
ocyucvyh,"['uip', 've']"
auyyatrm,"['ikc', 'dq']"
ranyzjxl,"['fxx', 'we']"
utzfymlf,"['cbx', 'jo']"
uygwgpos,"['dea', 'ds']"
teqrkuqt,"['rfl', 'es']"
uonjuzvx,"['xfa', 'bs']"
htsrnqzo,"['phl', 'po']"
vyfhpslt,"['tjv', 'sn']"
rqcpgrln,"['mui', 'bq']"
luygrcgk,"['idx', 'ch']"
oevzifqy,"['yti', 'ud']"
ysysvxhj,"['pxz', 'pn']"
alluphee,"['ohb', 'lq']"
xzzboadb,"['fon', 'qg']"
moaeyawp,"['jgb', 'if']"
hmbagueb,"['nxe', 'ce']"
ldkhkgmf,"['dme', 'gb']"
zulyexwf,"['ikk', 'nv']"
oafczggb,"['iyk', 'qx']"
npoownei,"['uee', 'tw']"
neswslih,"['dgy', 'fr']"
ovdkgmnh,"['ooe', 'ob']"
lubkupsp,"['fld', 'on']"
lzrewodu,"['ddq', 'dv']"
zyobqzqr,"['epz', 'wa']"
idsebnal,"['zzv', 'rn']"
magwvhfu,"['jao', 'ny']"
spndmwxh,"['gmy', 'yv']"
dmcfouso,"['cqo', 'vz']"
owbepdtu,"['xys', 'mg']"
itpwjebm,"['dwf', 'cd']"
onvcthvp,"['alf', 'rd']"
kaqiuxds,"['bwu', 'ou']"
jubzshfw,"['tny', 'fi']"
ggrvxjmw,"['ydo', 'ar']"
urlzkmfz,"['eta', 'yz']"
eaoausvr,"['yap', 'qf']"
ztjjbwak,"['hxj', 'pg']"
ctweyukn,"['jgf', 'ql']"
levcholi,"['cdn', 'fl']"
vhmaiwdy,"['ieq', 'zg']"
ocuqkkfy,"['iwd', 'qr']"
cqpjxvlr,"['iox', 'gj']"
hydlwpxu,"['hal', 'rg']"
uwaspnww,"['joc', 'dq']"
ufnhblko,"['tnf', 'gk']"
hgifhpty,"['aio', 'xy']"
ddehpswi,"['vwp', 'la']"
vtpgynav,"['kju', 'jq']"
nxybohic,"['gny', 'fo']"
igdzuvgu,"['yhs', 'ys']"
pvnzebqu,"['cib', 'kv']"
ahdysiby,"['ngn', 'qb']"
lhuvbyub,"['qnh', 'ur']"
eyitakpa,"['qtl', 'be']"
hpcwwpbd,"['pbd', 'mm']"
ggfpaxwt,"['qog', 'sc']"
orxcgbcu,"['xhw', 'ph']"
luprcojr,"['rkf', 'uf']"
aeuhuvaf,"['pwl', 'ab']"
frgvjkst,"['tbx', 'to']"
odradbbn,"['mfa', 'pp']"
ipexotbh,"['dzc', 'jm']"
blqptoay,"['esx', 'mw']"
vevltwmi,"['pcq', 'fr']"
ewebtcsk,"['kmi', 'jq']"
dupcicdt,"['oth', 'hk']"
qegfwlhq,"['cxp', 'ui']"
dypopbhz,"['qak', 'xj']"
fyvgolkl,"['xzd', 'wj']"
auugrmvr,"['jtf', 'pt']"
vrfobekz,"['zev', 'sw']"
jjosiiai,"['yzy', 'fs']"
mfugoyki,"['dds', 'se']"
tjkgcujq,"['odf', 'fc']"
cxqcrgjh,"['jmr', 'uk']"
dzqwcynk,"['wle', 'bz']"
tylwmnbf,"['veh', 'iw']"
ylrefoxn,"['dyc', 'ik']"
uicbrwbq,"['zje', 'px']"
gcxirfga,"['tsh', 'oq']"
mvmwakcg,"['icj', 'is']"
ohhadyal,"['dlq', 'og']"
uptgfugp,"['nft', 'gi']"
bzxileyx,"['kwf', 'ta']"
ahotwwyn,"['aql', 'bk']"
hisfmoyb,"['eyg', 'fp']"
mclmgdkg,"['bqq', 'vl']"
zsxyezkg,"['toj', 'qn']"
eogjgydi,"['lkc', 'jc']"
fqgovucm,"['zty', 'qj']"
xsoxvhqn,"['zko', 'gs']"
lzcsknlj,"['cql', 'te']"
ikjjqurc,"['jti', 'dx']"
thkdpkaa,"['akl', 'kx']"
wchsmweq,"['elx', 'hh']"
xefcomhq,"['rfx', 'nv']"
